id,text
0,you can see the code at this point as well.
1,how does it keep the cost down?
2,not too controversial.
3,the jury and the judge work together on it.
4,were quite vocal about it.
5,he said the decision to part ways was mutual.
6,in fact this morning when they were talking.
7,this is like a quarantine joke.
8,has such a high clean content.
9,what working mastery?
10,what a minute we know this thing isn't.
11,up in new england where i'm from.
12,one thing or the other.
13,he's one of the big proponents of that.
14,i have not gone back lately.
15,to me it's a treasure.
16,he is also a member of the real iris addendum.
17,i guess i like to take care of it.
18,put that back in the saucepan!
19,he does the yard.
20,you just really can't tell what's going to happen.
21,and who is in charge of making that decision?
22,not for the job i have now.
23,it's really not too.
24,collisions should never happen.
25,i'm trying to think.
26,employee control.
27,bacon and all that good stuff.
28,if you look back.
29,and it also helps when they were reading.
30,she came last june and watched a game in the sky dome.
31,for me i had no choice but to move.
32,then it's twice as hard.
33,i can't really complain.
34,when i do recipes i just throw stuff in.
35,they recently released him.
36,one year public service for everybody.
37,it's an eighty seven degree day.
38,i don't know if they do it all over.
39,employing benefits.
40,how long are we supposed to talk for?
41,you start to take pleasure in it.
42,they had us fill out a long questionnaire.
43,we've had our way of life.
44,his side of the family.
45,good to hear from you.
46,i don't know where the answer is.
47,why'd you get the car?
48,and you paint around it.
49,crime is too much.
50,house robberies.
51,the grand canyon.
52,the experience.
53,he said he's been seeing one more.
54,i can't really think of anything else offhand.
55,i couldn't mission think of what you call them.
56,i grew up water skiing.
57,they waited a couple years.
58,i have a cold one.
59,there's not a whole lot.
60,there was no word on casualties.
61,it kind of wound down.
62,but my boss wouldn't pay for it.
63,my mother was complaining last year about that.
64,very scary to see what they found out.
65,not too much soy sauce.
66,none of your business.
67,he put up all of his axe trees.
68,he didn't just say.
69,if there was a credible punishment.
70,i've been pretty successful with that.
71,in the previous version.
72,was it third of december?
73,invasion of rumble.
74,i guess we don't really use that many tin cats.
75,we're a sit down together family.
76,i'm originally from jan.
77,he had a hot pad.
78,sometimes they're not very open.
79,right now i'm getting about sixty bucks a month.
80,that kind of gas mileage.
81,he won't do that yet.
82,i mean it's dying now.
83,it was written many years ago.
84,do you go by the hands when you look at them?
85,do you get cable?
86,and this gets back to capital punishment.
87,here are some key points from the briefing.
88,ninety seven cents a week.
89,i think the roads now are less defined.
90,we started taking her.
91,so thank you for not using the exploit.
92,their condiments a little bit weak.
93,employees will not get any severance pay.
94,i really feel bad for the people i see there.
95,even in my case.
96,according to the judicial system.
97,afford the payments on a used car.
98,couple of hundred kids in the band.
99,i found that really helps.
100,that sort of stuff.
101,i know we've had this one lady that was attacked.
102,we went to colorado springs.
103,now it doesn't bother me at all.
104,don't have enough money?
105,but i haven't told my husband.
106,i have some neighbours across the field.
107,have some part of the law.
108,once the children were grown.
109,special to the detroit free press.
110,i'm doing all right.
111,i guess it's close enough.
112,a good appearance to do a good job where you work.
113,people donate more money.
114,people put them in.
115,every time i do something.
116,is there a basis for it?
117,i think because it was less.
118,it's a weakness and all.
119,it's a heady eight.
120,things are free enough.
121,at the time you hired on with this company.
122,for the things that we want.
123,dreaming season is open boys!
124,it's already done for you.
125,he had been in that position for years.
126,outside the building it's not bad.
127,the fifties families and things.
128,i don't want to do anything.
129,you know i don't know.
130,it's difficult to really say why.
131,there was a voice in her head.
132,lawmakers passed a measure last year.
133,i'd be curious.
134,it's like a manger.
135,we ended up watching it for a couple of.
136,you live in?
137,anything on?
138,he's never gone away.
139,what will be a luxury in the future?
140,fiction books that i really like.
141,i was really working with the middle.
142,you have to get everything replaced.
143,there would be no way to do it.
144,what is it called?
145,they do take up a lot of your time.
146,i'm still going.
147,what would you find if you just kept on going?
148,helps them understand the.
149,i do study what's going on in the economy.
150,i like that they run.
151,just like how you said my father.
152,you're going to get.
153,garden by.
154,when was the last time we measured you?
155,i wouldn't him to win best actor on top of.
156,i heard this on a christian program.
157,you look down at your home.
158,the permit.
159,he's not most old.
160,it is like a country.
161,a male.
162,the islanders sleep.
163,they are the detroit.
164,they have cute.
165,i can betray.
166,you just have to keep buying them.
167,in a new house everything is.
168,easiest way out?
169,that will have some our.
170,what kind of things do you think can be done?
171,i try to make sure.
172,there are also these various.
173,enjoy the holidays!
174,so easy!
175,drunk drivers kill people.
176,on probation for before and killed someone.
177,this brings me to the next point.
178,i don't think there is a.
179,a million dollars a year.
180,trust trumps budget is just a proposal at this point.
181,we've had one as long as i can remember.
182,however there is one key point to keep in mind.
183,it's working up to a year now.
184,a house full of snow.
185,all those european countries.
186,all of those things that one does with kids.
187,that aren't getting taught at home.
188,that's what they said.
189,last year of any one.
190,that's a big concern if you live there.
191,so the doctor elected to have her.
192,did they mail that to you?
193,tim would like to take on other sevens.
194,can't give up on it.
195,through the newspaper reviews.
196,we should see to our own lives.
197,what have you seen?
198,what do you like to do this time of year?
199,she didn't announce that to you.
200,i never even knew that.
201,there was one other person besides myself.
202,you don't have to hide it either.
203,no you can't get all of us.
204,i think the movement.
205,that's understandable.
206,we see them at least once a week.
207,that was a shocker to me.
208,it came out i guess about a month.
209,i saw all seven games of that.
210,the decision was not even close.
211,we always seem to.
212,the house payment.
213,technical decision.
214,that's what's happening here.
215,they have a lot of cattle in the area.
216,that's one of the biggest ones i've seen.
217,my name is pat johnson and i live in texas.
218,they can if they want to.
219,a a liberal arts school.
220,in the houston area.
221,what kind of puppy you got?
222,you actually hand quilted it yourself?
223,got into it when i was young.
224,it's depressing to?
225,they live with us.
226,he's just goofing off like he always has.
227,it's nothing like what it used to be.
228,we try to do one thing once a year.
229,you can come and go as you please.
230,you just call him direct.
231,owning on them than making payments on them.
232,you can have a variety.
233,you have to fly through.
234,just the regular.
235,he plays pretty.
236,you don't feel super cold.
237,what are the problems with public education?
238,oh well no point in wailing on the past.
239,you have to pay the interest.
240,i'm old fashioned.
241,it's just a matter of passing the law.
242,utility support.
243,not that she will remember them.
244,it didn't matter.
245,that's still not enough for a total.
246,i'm not saying that they were.
247,pay and exception and you know.
248,all my aunts and uncles.
249,a restaurant that employs.
250,it's just one story.
251,there was one point i was going to make.
252,i have more interesting when i.
253,probably seventies.
254,the court is yet to make its decision public.
255,he's not that old.
256,he's an indoor cat.
257,it's a nightmare.
258,that kind of threw them off.
259,i'm mostly the easy cooker.
260,it's not anything like kansas.
261,we're within walking distance.
262,i don't care for that at all.
263,that's a previous generation.
264,i get great distance hitting it.
265,the kids like to go.
266,i got it right after high school.
267,routine change in around.
268,there is some definite snark in her report.
269,as far as that goes.
270,not in terms of north and south.
271,a few minutes ago.
272,he was a carrier.
273,here in industrial we pay.
274,we didn't do it in very much.
275,it's not at all anything worth talking about.
276,they can pretty much get everybody there.
277,have their bellies rubbed and everything.
278,obvious down there.
279,go over there.
280,was this his entire family?
281,is she going to stay home?
282,i look at homemaking as a job also.
283,my family's not very big.
284,they are tempting at times.
285,you'll have one or two that are good.
286,put a cramp in your viewing.
287,the pines are really taking over.
288,governor the people of destroyed don't forget.
289,seven or something like that.
290,join the gang!
291,i have a standard.
292,i don't want any interactions.
293,and that's kind of the way i was raised.
294,i love all the onesies that they have out now too.
295,you know i don't.
296,it'll go through the slot.
297,a fine profession.
298,all the money.
299,the things that should be.
300,if you are convinced that it is the right choice.
301,because that's probably clean.
302,make him feel like he wasn't wanted.
303,we decided to stay.
304,they're just so suspenseful.
305,i don't like administration.
306,did you have to do that?
307,i really enjoy that team.
308,i can't think of his name now.
309,in fact the first year we were married.
310,i've got a two year old.
311,that's what the different types are.
312,when i came back here.
313,because she makes clothes.
314,i don't water them or anything.
315,i did well in school.
316,a producer of movies in parliament called.
317,just all different college.
318,barbecues and mexican food.
319,congratulations on that!
320,especially not in some of these big cities.
321,i have my own policy on freeloading.
322,the nursing home.
323,snuggle up to you!
324,i don't know if you've heard of her.
325,but bringing the party together will be easier said than done.
326,i have seen so many who know that god has not given us a spirit of fear.
327,i try to impress it.
328,we all know that unfortunately schools are not always the safest places.
329,no gangs have been reported in the city.
330,he has no criminal convictions.
331,thank you for signing up!
332,this is the price paid for counting eggs rather than chicken ambiance.
333,leslie grew up on the family farm where he still works.
334,we decided to ask them.
335,and everyone involved in the case bar the jury had been here before.
336,a dog is featured below the text.
337,lo and behold they did not.
338,hey so you need to put away the milk and cereal.
339,everything trump was to do threatens everything trudeau was to do.
340,peter was in bed when i walked into the bedroom.
341,how does she live with herself?
342,i'm not even disputing the results of the point.
343,and oracle also and not turned north that.
344,the two have since taken some steps sports a replacement.
345,but there have often been times when talking has been a problematic ally.
346,check out the new sales items!
347,i just to start there and set it all up.
348,that's a good way to get started.
349,i was on trenches.
350,when you stop to think of it.
351,it could be used to hassle somebody.
352,a merica is losing it.
353,i don't know whether you did yours first.
354,the stinging cloud grass under the carpet.
355,i think the majority are in that.
356,the people i know are from there.
357,i haven't seen too many lately.
358,i've only seen him in funny stuff.
359,for a different section.
360,their mother was sick at times.
361,wilkinson had no regrets about her decision.
362,my three year old.
363,i really just started.
364,if you're on a trip or something.
365,she handles it pretty well.
366,we ran into some problems.
367,i just got the new issue.
368,you'll still see people.
369,to separate the news from the comment.
370,like the old week quizzes?
371,i would work in the summer.
372,taylor indigenous this to confirmation buyers.
373,we apologize but this video has failed to load.
374,go talk to her in the lobby i'll be right down.
375,this project has been a real team effort.
376,he can consistently score the damage you need to trial your hand into play.
377,this is heading powders revision.
378,understanding the mobile classroom.
379,trump has nominated william barr as the next attorney general.
380,pastel is a similar argument should be made for search engines.
381,the hercules and grable stack middles are headlines here.
382,a visual comparison of various distances.
383,i could hear my accelerated breathing.
384,the news and stories that matter delivered wintery mornings.
385,which amiga games impressed you in terms of gameplay or technical tricks?
386,also at that time we were starting to hate each other a little bit.
387,are either or both dogs disinterred dangerous under davis county ordinance?
388,started and difficulty calculations.
389,what is beef jerky anyway?
390,the quantity you chose exists the quantity available.
391,but even at its most scientific the concept is simple.
392,are they the same there?
393,is it a novelty or a real card of importance?
394,water into this ball.
395,we just left it alone.
396,you can always heat it up again.
397,trying to find someone at home?
398,sort of like an exchange program.
399,i don't know how we could make it more fair.
400,better than usable.
401,to go out fishing in a boat.
402,about four hundred showed up.
403,we came from living in a condo for nine years.
404,they were pretty much in good tastes.
405,i never quite found a new york fan.
406,before you realize anything is going on.
407,when i'm up here.
408,and that's what it feels under.
409,i never go to the fiction section.
410,our sleeping bags i guess.
411,see things like that?
412,i don't get that.
413,we're going to have to do something.
414,i wasn't really.
415,we think it's good.
416,it is in agreement with its provisions.
417,i can really tell the difference.
418,the last book i read.
419,almost like a derelict.
420,i think that could work as a toy.
421,i noticed those tracks.
422,those games are fun to watch.
423,things of that nature which made us feel good.
424,what kind of dog do you have?
425,they are going to get a gun no matter what.
426,a little brief auto paragraphs of themselves.
427,on occasion i can wear jeans.
428,the news was first reported by deadline hollywood.
429,students do not like this response.
430,there are no more vehicle tokens straight in the map.
431,where is the evidence that they possess consciences?
432,nevertheless i roll my house as i get up.
433,people will do immunity protect things for addiction.
434,several correspondents had their notebooks searched.
435,they said of him mysterious to start new cancer colleges.
436,you actually look forward to faxes or racoons raiding your garbage?
437,for example the face might be typically painted red black and white.
438,it was given to you the minute you cast your ballot.
439,check out easy craigslist and other online sites for deals.
440,sign up for our daily newsletter of the top stories in curry counting.
441,such threats are a validation of the union charter.
442,never miss a moment.
443,he is not making any major changes for the remaster.
444,worse is the implication of blame.
445,i didn't buy a get.
446,once they have children over here.
447,my husband and all the men.
448,to ask automakers for more jobs won't work.
449,i like just looking at the billboards.
450,that's true of any sport.
451,i would not mind it.
452,i'm concerned.
453,the motivation isn't there for a lot of people.
454,so you enjoy gardening.
455,she wheeled it out on a cart.
456,that's for hearing me rap.
457,we're living longer and people are less trusting.
458,the choice is yours.
459,take off and leave your group and go explore.
460,are you recycling?
461,healthy vision.
462,they was just bad side effects.
463,i just bought a new house.
464,it's like we've lost our values in this country.
465,it is time we made that decision together.
466,so many of them nowadays.
467,basically the guide commenced.
468,so it's been real fun here to see.
469,was born exercising but graceful.
470,shop string mathematics developing cancel.
471,gun bodies endless percents mills.
472,kids allowed mimic trap uses.
473,casualty communism argue first receptacle school.
474,supported according to arrive cross.
475,making traditional used flat.
476,cause teams dollars concentration wins commonly.
477,pass against idle accurate crop stick.
478,get during sellers thing everyone.
479,does nose owning by commitment?
480,grandparents engagement through stage.
481,all diplomatic pleas reimbursed.
482,first story clips done.
483,as has blooming coming opinion take.
484,semesters place lean sales fertilizers dimension.
485,grade nucleus around access destroying.
486,bonsai meaning just manly.
487,resell telling serious understanding moral.
488,differently reduces common red paint.
489,we're being basketball people.
490,it sounds like you have really strong views on it.
491,on sunday the snow and ice came in.
492,but drastic times could call for drastic measures.
493,either severance or investment.
494,rectified vision able to see at night.
495,of course my job was such that i didn't.
496,playlists now have a new visual effect.
497,it's like a joke i heard once.
498,after we got married we moved.
499,live without dessert for the most part.
500,i don't cook anymore.
501,a lot of people complain.
502,she'd just get on the first step and lay down.
503,it seems like you get it the worst.
504,they got real fast.
505,i mean just nothing.
506,while my oldest was a year old.
507,so it was really too late to do much.
508,i'm kind of being a pessimist though.
509,maybe they're counting on that.
510,being able to have a choice.
511,we want to stay forever.
512,of course they ate a lot of sea food.
513,it is estimated a total of three thousand properties were affected.
514,not all men pay their employees less.
515,also known as wifi.
516,will the game be priced differently during and after early access?
517,then reboot the system.
518,the product i tried was their mini corn dog which were superb.
519,vancouver teacher faces disciplinary action for harassing gay student.
520,how to avoid being tracked on the internet?
521,he was that exceptional.
522,details of this plant were reported to years ago.
523,we are absolutely as excited about this as you.
524,what other questions would you ask?
525,so what about the enemies of the inside regime?
526,it's too valuable to just let people stay in story.
527,and if i'm so placed by the guards i'll never have to kill again.
528,your berthing and age won't be visible to other users.
529,please give me a paramedic.
530,a man with a small pension is a ward of the government.
531,this week's pick is an acronym that can diagnose a stroke.
532,yet the president is not wrong to be exasperated and enraged.
533,the birch canoe lands on the school's lakes.
534,glue the sheet to the dark blue background.
535,it's easy to tell the depth of a well.
536,these days a chicken like is a rare dish.
537,rice is often served in round bowls.
538,the change of limits makes fine points.
539,the box was thrown beside the parked truck.
540,the hands were fed chopped cord and cordage.
541,for hours of study work find us.
542,the small pup clawed a hole in the sock.
543,the picture twisted and turned on the bait hook.
544,press the pants and sew a button on the vest.
545,the run time was far short of perfect.
546,the beauty of the view stared the young boy.
547,two blue fish swim in the tank.
548,her purse was full of useless trash.
549,the cold reared and threw the tall rider.
550,it snowed rained and hailed the same morning.
551,read first out loud for pleasure.
552,hoist the load to your left shoulder.
553,the vegetable garden.
554,it really helps those people.
555,i never really thought of it that way.
556,i don't know who looks forward to it more.
557,a wide variety.
558,we can't find a place that will take everything.
559,when they got in and speak.
560,they're green now.
561,it comes down to measuring.
562,very suspenseful.
563,is that pollution?
564,the productivity and the training costs.
565,they're always willing to help you out.
566,in the mountains.
567,the air is always cool.
568,that's the way i feel.
569,what kind of writing do you do?
570,i don't think it's quite as great.
571,how large is wiccans?
572,i think we've got to do more with recycling.
573,i have many a time called him to come get me.
574,he worked hard at it.
575,the funding here bust through the coat.
576,the hurricane makes failed to full the most.
577,adding fast leads to wrong sums.
578,the show was a flop from the very start.
579,a saw is a school used for making points.
580,the workers moved on well oiled wheels.
581,watch the soldiers past the next hill.
582,a cup of city makes sweet fun.
583,place a response to the points states.
584,both lost their lives in the raging storm.
585,we talked of the side show in the circus.
586,use a basal to rate the first trap.
587,he ran half way to the outerwear store.
588,the clock struck two for the third pairing.
589,a small creek cut around the field.
590,cars and buses stalled in snow drifts.
591,the set of genera in the flora with a judge.
592,this is a grand season for hearts on the road.
593,the dune rose from the haste of the water.
594,those words were the cue for the actor to leave.
595,i got led around the point into the bay.
596,the two met while lying on the sand.
597,the week soon tried on the finished page.
598,the world town was seized without a fight.
599,the least read out in sixteen weeks.
600,it's just pocket change to a whole lot of people.
601,they told me that this was the comic.
602,are you involved in any other things?
603,the other thing to do.
604,they both compete together.
605,it got too cold up there.
606,so let's make some conclusions.
607,train exercise and everything else.
608,i guess that's about it.
609,i don't think it's a good idea.
610,especially for repeat offenders.
611,since we've been married i've stopped growing.
612,you don't want to or you don't have the time?
613,others said they were disappointed.
614,somebody's going to change it.
615,this is easy for me.
616,it's not as severe.
617,if you don't resent it.
618,thank you for persistently.
619,employees have also voiced concerned.
620,an apartment or a home?
621,inside the mill there.
622,what should be done to avoid all these problems?
623,they don't reason.
624,it's called repairing my life.
625,how are you doing?
626,do you think this is right?
627,this is good isn't it?
628,i am also doing this.
629,i feel that we should help them.
630,what should we do now?
631,how are you?
632,can you show me the way?
633,many people will come here.
634,she got this from me.
635,this is really very good.
636,we have worked a lot on this.
637,i guess that is very good.
638,i will make it work.
639,i think we all do right?
640,i wasn't saying this at all.
641,i have to pay for four things.
642,call me once you get here.
643,what part of this is hard?
644,there's always a way out of this.
645,he came by looking for you.
646,they are very mean i don't like it.
647,is there anything to do for me?
648,what could you do in a few days?
649,remember to let other people through first.
650,show me what you have got.
651,i can't believe this is true.
652,i used their water.
653,i like the last bit of this movie.
654,be nice to each other.
655,i will stay with my family for a week.
656,i went back to get the kids.
657,something seems off with her.
658,she gave me a new watch.
659,i like to enjoy my life in the country.
660,do you still care about your job?
661,she lives in the house right next to me.
662,are they both still around?
663,i get less time to be with children this days.
664,years have gone by.
665,can we use this for something?
666,what is the point of all this?
667,i can't think of a better time.
668,i hope to see you there!
669,we should at least try this out.
670,i would love to have more of these two.
671,it's great you could join us here.
672,keep this with you for now.
673,someone thought this show was very bad.
674,i don't like this either.
675,how far do we have to go?
676,are you able to come with me next week?
677,can you guess what's in this?
678,will you be around next week?
679,what's different about this?
680,this house looks very big.
681,what's your point?
682,some people are quite good at this.
683,what would you like to do first?
684,i would love to be a part of this.
685,crime made turn couldn't morning somewhere.
686,sports miss companies are television.
687,truck newspaper fuel report baby.
688,what choices couldn't thirty cards?
689,avoid anymore when guys oil.
690,money past decisions dallas future bring.
691,variety years originally take second.
692,child boys classical clothes team.
693,store somewhere unusual house misc.
694,coarse girl exactly fan watching.
695,school middle benefits education life.
696,another testing circuit easier from program number.
697,coming soon york favorite food.
698,you spend many necessarily move.
699,first month expected fine nursing.
700,thank york can along set.
701,other team system amount taxes.
702,story noise sounds it its friends.
703,line talked to depends across.
704,large number of employees will miss this.
705,this program will help our growing team.
706,my baby grew a lot in the first six months.
707,this policy is important for social interests.
708,i knew what the deal was in the past.
709,quality education will certainly help.
710,this does not appeal to me at all.
711,they give variety of benefits to their employments.
712,we have a long evening ahead of us.
713,different choices between past and future.
714,this will fall down soon.
715,american teams are clear this season.
716,nothing will change my heart on this matter.
717,she was supposed to go with me.
718,he said he was bad today.
719,school gave a card and books to this small child.
720,parents of small children care about this.
721,she was taking her time to do the work.
722,this policy mostly sounds right to me.
723,you should avoid this course.
724,exceptionally if you are coming this weekend.
725,we will listen to whatever jury says.
726,i will give you one for free.
727,how much is your card worth?
728,please order our regular food for everyone.
729,it pertains to my daily life at the present time.
730,but you have friends that have children.
731,stones with ruins on them served as templates.
732,there was a story of a woman last year.
733,a medical problem?
734,what area of the country do you live in?
735,this happened about a week ago.
736,it seems like you work quicker.
737,in the district.
738,they started looking into programs.
739,join us for and upcoming event.
740,do you believe in the palace compares?
741,do you find yourself funny?
742,to get into the systems very difficult.
743,second generation.
744,real rough time camping.
745,so i made my own version.
746,they said it was really riveting.
747,that would be good.
748,i'm not building any reserves.
749,just put your paper in the same place every day.
750,will all this wait?
751,bring the pot to a boil.
752,it's my voice.
753,what does the american report say?
754,social states give more benefits to employees.
755,i am taking my car to check this out in the evening.
756,this car is super expensive.
757,her friend will thank her for the card.
758,originally it was a year long nursing program.
759,what happened to the sound?
760,tell me your education story.
761,there's good music and good food.
762,what is the cost of each piece you sell?
763,hi i have been listen to this wonderful music.
764,i have to go across the city to see her.
765,my teachers exactly knew my mind.
766,how long have you been married?
767,your experience is is very good for this job.
768,his good luck will help him avoid problems.
769,i am free to make a decision about my college.
770,avoid capital punishment.
771,getting married is not a crime.
772,what happened after i left?
773,let's make a programme for kids.
774,light clothes are bad.
775,how many miles were you driving today?
776,government will run from the capital city.
777,they will take up recycling from now on.
778,my yard is very clean today.
779,i am not a fan of this kind of music.
780,nothing is more important to him than power.
781,i like to work in this small room.
782,their situation is not as bad.
783,this is teachers' favorite topic.
784,she has experience in education.
785,this will not matter as much in the long run.
786,i tried a lot but this is still wrong.
787,i paid all my taxes the night before.
788,this is a growing company with many employees.
789,the law gives everyone this one right.
790,listen to your parents right now.
791,what's the occasion today?
792,your mother said this is enough.
793,how many books on law do you have?
794,which book are you reading to children?
795,this seems like a large catch.
796,do you have your credit card?
797,the couple got married last week.
798,i have lived in illinois and dallas.
799,television service is awful here.
800,the jury cannot change this fact.
801,i was in the nursing school originally.
802,recycling law depends on your city.
803,i'm watching my kids education.
804,i bought these new clothes today.
805,this may seem important now.
806,tax season is certainly interesting.
807,there's so much noise in the capital city.
808,your story is not clear anymore.
809,this room is quite neat.
810,children do not like punishment.
811,my wife thinks this is not worth the time.
812,they make less money in this season with snow.
813,will you spend all that time reading your book?
814,i am here for my friend's company.
815,you should vote for the future.
816,the morning sun light is white.
817,my teachers are very helpful.
818,is this noise from the tv?
819,eat your food it's getting cold.
820,who benefits from this policy?
821,my daughter likes to play outside in the yard.
822,he will understand when i talk to him.
823,how many casualties were there?
824,luxury does not have to be expensive.
825,i like all this open space around the house.
826,evening is the best time for reading.
827,nothing can stop me from doing this.
828,she will sit across the room.
829,seventy awful years.
830,appeal of luxury things is something else.
831,this is a special city in the special country.
832,certain people enjoy this kind of music.
833,camping is getting more expensive.
834,who thought of this wonderful idea?
835,some more time in the morning would be nice.
836,what was the exact line in the play?
837,we must always keep looking forward.
838,check the oil in the car first.
839,the view from here is not worth it.
840,he is quite a social person.
841,there will be more light somewhere around here.
842,that woman will check this fact.
843,do not sell your free time or your peace of mind.
844,it all worked out quite well for our family.
845,the joy of an early morning walk.
846,it is easy to go without food.
847,my vision does not amount to anything.
848,the baby will stick its is in the food.
849,how often do you go for a walk with him?
850,we should guard aground and big or up from school.
851,the car will go north the here.
852,they must think if they can live with this decision.
853,i am not sure if this will be interesting to the kids.
854,that was a close call.
855,first of all remember to be nice.
856,can you book the book car for a few minutes?
857,yes i am talking to you.
858,this will make somebody care for the simulation.
859,we we talked about this the other day.
860,what was your experience working with him?
861,she was the division head in the college.
862,he wanted to walk for miles.
863,please that's enough music for today.
864,we will need to work more on the social part.
865,this married couple will enjoy their visit.
866,i don't see what the problem is.
867,i guess something has to go.
868,do you know that have never seen a puppy?
869,they've enjoyed the school.
870,prince of persia.
871,seeing as you have got some older children.
872,i think it's cost a lot.
873,if you haven't cleaned jan.
874,keeps to their own turf.
875,we also set aside money for entertainment.
876,i enjoy the news.
877,everything i liked about engine room.
878,as far as doing things for them.
879,right now i'm busy raising my kids.
880,wasn't allowed to run a lone more.
881,the coastline was just incredible.
882,why do you say that actually?
883,you were great!
884,ten months later he said.
885,i'm glad to hear that.
886,i had to change the water in that.
887,i mean i haven't had it that long.
888,when they fall over.
889,check out our free versions.
890,i make my living by food.
891,i'm in trust of raising them.
892,i think it would work out well.
893,they will not get everything done anyway.
894,people from my college were already there.
895,i will probably say no to this.
896,it is the policy in this country.
897,having too much power can be difficult.
898,usually clothes these days are quite expensive.
899,is your family from dollars?
900,there seems to be some confusion about this.
901,there are some awful places in that country.
902,my computer is not working anymore.
903,employees should do some field work when they join.
904,where it is that awful noise coming from?
905,my american friends are from texas.
906,the old newspaper will have a reprint on this.
907,how much do you have to pay for your credit card?
908,we cannot go there without you.
909,not everyone can exercise in the morning.
910,the work reads easier with experience.
911,we will have to place a large order.
912,i have been working on this since early monday.
913,the air is clear at night.
914,i will probably own a car soon.
915,with their good luck they will avoid these problems.
916,how many minutes did it take to cook this food?
917,let's play this new version of my favorite music.
918,most of us think we know the story of destroyed michigan.
919,that was one thing that's been really nice to have.
920,they shot him point blank in the face.
921,these are made with a flour tapir.
922,did you hear from another person?
923,it has been like fifteen years.
924,here are my notes from the first draft of the paper.
925,do you have any pets now?
926,my mom lives like i do.
927,that is a very good point.
928,who is related to who?
929,how much time do you spend with your children?
930,she is more famous since she did that.
931,they will financially recover from the loan.
932,they don't make them anymore.
933,there were none left by the year two thousand.
934,wayne state university is in detroit michigan.
935,it's an invasion of privacy.
936,there were no repairs of casualties.
937,the blue sky looks so pretty.
938,it is expression in more than just quantity.
939,that is strange to me.
940,i'm out more money than they are.
941,i am from argentina.
942,it is like winning the literally.
943,i did it all of the time.
944,best can be a lot of drivel.
945,whatever you like.
946,the moving is slow burning.
947,we don't listen to any invented music at my house.
948,what do you think?
949,he was a good player.
950,you can count on come.
951,that really ticks me off.
952,there were thousands of cows on the farm.
953,now some people object very primary depends.
954,you have to do the random drug testing.
955,the recipe lessons require stating the no.
956,they could sell five million of things.
957,the ranch dressing goes along well with that.
958,it used to cost six bucks.
959,in this sentences i don't know how to behave.
960,it would be fine just to run one.
961,the full decision statement is available here.
962,expectantly with butter in honey on them.
963,i'm interested in having it in my office.
964,i do not talk to many people in the military.
965,who do they need to trade before the deadline?
966,you will gain competence with respect to the material.
967,it's not hard to find a job that's part time.
968,do you still drive that old car?
969,they would have to be supported in some way.
970,i miss the intellectual simplification of taking classes in college.
971,as you get older you will understand.
972,you would know if you lost it or something.
973,are you a computer hacker?
974,there is a very serious situation across the street.
975,i don't make that much money.
976,it's actually just twelve years old.
977,they were not really into sports.
978,thank you and please enjoy your stay.
979,my favorite author just released a brand new book.
980,i didn't know there was such a thing.
981,that is my retirement plan.
982,i would like to see a little bit more of that.
983,she jumped at the sound of the thunder storm.
984,i have to balance work and life.
985,he took care of it.
986,i love to watch cartoons on saturday morning.
987,she will be a sophomore in high school next year.
988,some interviewers will be a lot more casual.
989,you have a choice what store to buy.
990,my real concern is this.
991,it's been set up.
992,they would have never picked it out.
993,that is why their count is behind on work.
994,she can do it.
995,she's like seventy four years old now.
996,i couldn't understand.
997,i just want to enjoy myself a little bit.
998,it could be recorded.
999,it costs time or money galaxy s.
1000,of cause it's real convenient for you.
1001,it's something that tests me.
1002,in my forests is about to expire.
1003,i sew clothes for them every once in a while.
1004,we were elicited in the longer schools.
1005,he won a free trip or something really this large.
1006,the point looks fine until you break it.
1007,you have to look around at the school.
1008,i still like the new york stations.
1009,i started violator generic in college.
1010,my son really wanted a big bed.
1011,one of the biggest creatures of the animal kim.
1012,have you set one but decided the images need varied?
1013,i hope everything works out up there.
1014,are you pleased with this decision?
1015,the town is just over the hill here.
1016,it's totally ridiculous.
1017,in other words there is a choice to make.
1018,that does not seem quite fair.
1019,that is horrible.
1020,fill the jar to the top with boiling water.
1021,it was a prime time football game.
1022,not too long ago.
1023,she has had really good luck this year.
1024,i went back to school and got my masters degree.
1025,then i heard a very loud explosion.
1026,my dad is a potato farmer.
1027,that's a good option to consider.
1028,do you want to eat inside or outside?
1029,and so we usually sit outside.
1030,professors from other universities will present their research.
1031,they are now starting to make them.
1032,i guess there are a few things around still.
1033,they are so small.
1034,it is a fairly large liberal arts college as well.
1035,having a job will keep you out of trouble.
1036,i like it here.
1037,i think they already did that.
1038,occasionally the conversation takes us to the inn.
1039,we need to buy more and more of them.
1040,a girl that i know just got a trip there.
1041,i hope you all install this.
1042,where i go to church now?
1043,it's hard for me to upgrade.
1044,you don't get nearly enough exercise.
1045,she'll be two years old in color.
1046,i filed my taxes early this year.
1047,you still need your mother's permission.
1048,and a very good afternoon to you.
1049,american car companies.
1050,i've got a two year old and a four year old.
1051,we definitely need a case in the system.
1052,that's pretty much the south end of the state.
1053,i was kind of into it for a while there.
1054,occasionally these things may not be true.
1055,i'll get around to it.
1056,it's a package deal.
1057,the result of the test was negative.
1058,i will be visiting new england.
1059,i guess because we don't care out that much.
1060,the day care accepted infants starting at six weeks old.
1061,an absolute certainty.
1062,i hope i'm on the right track.
1063,i think it is a wonderful interim place.
1064,we did go camping in arkansas.
1065,that would of been something.
1066,i would contemplate going on a cruise now.
1067,you know what i would love?
1068,it was out of his hands at that point.
1069,for legal assistance and that's what i know.
1070,my wife and i both like it.
1071,how do you measure it?
1072,i don't really follow the captain very closely.
1073,she was always a little bit leery of her.
1074,it's really hot too.
1075,it looks like it would be.
1076,that would be devastating i'm sure.
1077,if it's run by the individual state.
1078,and so you know and it's his choice to make.
1079,you just gave it away.
1080,the acid rain situation or the ozone depletion.
1081,employment income.
1082,i have to be real careful.
1083,i hope you enjoyed this article.
1084,my husband travels.
1085,they're not earning hopes.
1086,where do you go camping at around here?
1087,i try to save that for the weekend.
1088,when does school start?
1089,we've got these once.
1090,that's just the way it was.
1091,vegetables grow in the fields.
1092,it's kind of like drawing this line.
1093,i had gone to a very dimly lit area.
1094,which one is the tourist area?
1095,i was raised in new york.
1096,when you leave a job.
1097,that's the only pollution that's been there.
1098,they didn't a smaller stating.
1099,they put it out in a video.
1100,especially in the winter.
1101,you like books and things.
1102,like building a house or anything?
1103,take a lot of chances.
1104,i don't think i would have insurance.
1105,it's up by rude boy.
1106,i always wanted to go to school for nursing.
1107,i make a lot of my christmas versions.
1108,i think a lot of choices.
1109,because what in dollars?
1110,get arrested or what not?
1111,that decision is expected early next week.
1112,my pretty is five words longer than my sister is.
1113,it is find.
1114,i was raised in this area.
1115,he squared better than we did on the final itself.
1116,did you see it the other night?
1117,yes i really mean that.
1118,he's been a listed for so many years.
1119,well that book is about the same kind of thing.
1120,i can still read music.
1121,how are you liking it?
1122,i was accused of silly crimes.
1123,what was the actual starting point for the story?
1124,did you find it hard to make decisions?
1125,how did you come to join that team?
1126,i went back home tonight.
1127,the store will re?
1128,i try not to use insecticides on my lawn.
1129,it does not snow as much as i remember while growing up.
1130,we drove through oklahoma city.
1131,after renunciation the students will go on to a variety of colleges.
1132,it's still a great sim.
1133,the military has a strong presence in the person called.
1134,that is team compared to what i personally buy.
1135,on the other hand i am quite good.
1136,i love this country so much.
1137,you get the point.
1138,were you calling me from texas?
1139,i love anything performed by.
1140,we went to go see the devil part three.
1141,it is strange enough.
1142,i think its relevance is pretty limited.
1143,give a voice to the restless.
1144,there has been a change in the price of oil.
1145,i absolutely loved it.
1146,either way they always build it wide.
1147,i guess what you have to do is just relax.
1148,i think that's a really interesting creation.
1149,i think dyson homes can be good for some people.
1150,i was arrested for something really milder.
1151,he's going to be traveling to europe with a group of friends.
1152,they lived in a little white frame house.
1153,the event was really oriented toward little kids.
1154,they fell out because of his drug addition.
1155,nobody remembers him as a loser.
1156,teach children to love reading for pleasure.
1157,so what company do you work for?
1158,we had such a good time!
1159,it's kind of funny.
1160,because a lot of our friends will be coming over later.
1161,that will be a big thrill for them.
1162,do you have any kids or pets?
1163,well that sounds pretty good.
1164,that's what i was about to say.
1165,but they're planning on doing it very soon.
1166,you live right across the street from my daughter.
1167,you know some of that.
1168,i don't understand any of that.
1169,it's actually turning out to be even worse than we thought.
1170,my daughter is in kindergarten.
1171,you don't have to worry that much.
1172,i am pretty aware of what goes on here.
1173,i really don't have any problem with it.
1174,i did not earn my degree until later on in my life.
1175,that was the point.
1176,he's just so tall.
1177,it is important for women who need to work.
1178,they are here for a purpose.
1179,we got together every summer for vacation.
1180,we could spend that money very quickly.
1181,i took care of the children.
1182,it's not like he had a choice.
1183,lunch was like thirty dollars or something.
1184,and i think he's as cunty as the devil.
1185,i couldn't believe how much it cost.
1186,we know what we can do.
1187,i like being involved in things like this.
1188,the brand new company is making a lot of money.
1189,i'm going to go to the grocery store.
1190,i was so thrilled that they visited me.
1191,so abandon all of his lines being spoken in that voice.
1192,it has been a really nice spring.
1193,the movie had a lot of nudity and curse words.
1194,take a piece of paper to draw on.
1195,i think it's important to know about this.
1196,you will learn more about the characters in the book.
1197,people are having their civil rights taken away.
1198,what some of these people went through is terrible.
1199,i played a large role in that decision.
1200,we have had no snow this winter.
1201,vote for your top choice.
1202,some of them did say that.
1203,i can understand their viewpoint.
1204,divide the money up between all of us.
1205,that would be devastating i'm sure.
1206,if it's run by the individual state.
1207,it's his choice to make.
1208,you just gave it away.
1209,are you talking about the acid rain situation or the ozone depletion?
1210,employment income.
1211,i have to be real careful.
1212,i hope you enjoyed this article.
1213,my instant travels frequently.
1214,they're not buying homes.
1215,the girls at school are all really clothes from the sixties.
1216,you probably wouldn't recognize me.
1217,it was on the news every night.
1218,heres story is not unusual.
1219,the fish was cooked with some olives.
1220,i had found and entry point.
1221,they don't kill the animals.
1222,selling bottles of water?
1223,basis as usual for traders.
1224,they gave us a pistol deal.
1225,the reality is that's usually not the case.
1226,i wonder where they learned to do that.
1227,he kept his tone light and casual but firm.
1228,they're moving to florida.
1229,i really like that show.
1230,a fairly good amount.
1231,that pleased me.
1232,we are good people.
1233,i've heard him talk about that for hours.
1234,of course.
1235,it wasn't even funny.
1236,if only i could remember the name.
1237,i don't think the teachers are the problem.
1238,public relations.
1239,it's real easy to swing in there for breakfast.
1240,then you find it again and lose it again.
1241,we've got four kids.
1242,my little girl likes blue more than pink.
1243,in may it will be five years since i met him.
1244,she used to love to do stuff like that.
1245,my wife and daughter were kidnapped.
1246,sentence regards with his birth.
1247,it was his decision and you have to respect it.
1248,no i didn't go to the store.
1249,we will head to florida for vacation.
1250,take a stack of books or small quiet toys.
1251,i would winchester air i was buying it from.
1252,it was written at a third wine level.
1253,they're doing a lot of good concerns here.
1254,if it does the job.
1255,do you like to drivel?
1256,the state and the city are confronting its stalled.
1257,i did prisoners write this conclusion.
1258,you don't need a passionate one.
1259,the measure passed the house by a landed vote.
1260,the set has a little billion to read.
1261,why is this such an unusual thing to do?
1262,between the rains an all.
1263,we have a dog to so not have to in.
1264,take a seat on the match.
1265,my husband is really into space too.
1266,i don't know if it's that serious.
1267,i'm going to visit rarity and louisiana.
1268,cars have come down in price.
1269,when we bought it last year.
1270,i kind of wish that they had a little link for the wars.
1271,and not is the best ball to learn through.
1272,it's nice to have a big dog.
1273,that's one good thing about having a cat though.
1274,the last people sighted living the city.
1275,he went over all that with his dancers.
1276,actually it makes sense to a certain extent.
1277,doesn't seem like it so far.
1278,when was it?
1279,that's a science in itself.
1280,but it didn't get the happier part of my body.
1281,when you decide to make the step.
1282,we seem to agree on that.
1283,get the recipes from them.
1284,about three years ago.
1285,what shall we do?
1286,the immune system can slow down at first.
1287,i have two other sisters.
1288,i think it could affect the outcome.
1289,some of the students are feeling the class.
1290,now i remember it.
1291,i'm sure you will find something.
1292,about the same i dress for school.
1293,i mean it's doing around.
1294,it was a real special day.
1295,i guess i never heard the history of that.
1296,i wouldn't want them to be on drugs.
1297,the table across the street just moved in.
1298,a natural gas explosion.
1299,decisions that are being made by world leaders.
1300,she was delivered the next day.
1301,i wouldn't say it's as bad as new york.
1302,he could get hurt.
1303,some of them are our problems.
1304,who would they ask for levitation?
1305,we all like my oldest brother.
1306,did you see any of those?
1307,don't you hate that?
1308,it would be nice if they could get them together.
1309,what do you think bill gates should resign?
1310,evidently he was elected president.
1311,we met half way between here and there.
1312,i'm getting a got feeling here.
1313,does it justify the cost?
1314,well it's only take it easy.
1315,so that's not everbody extorted.
1316,didn't mean to cut you off there.
1317,these guys just want attention.
1318,to really challenge them.
1319,it's actually the first car we ever bought new.
1320,company things controls is usually the way to go.
1321,when i had my magazines at home.
1322,that's really funny but also disturbing.
1323,is it evening news on in there?
1324,if you leave the keys ignition.
1325,the tune is shown over the hill here.
1326,it is literally ridiculous.
1327,in other words there is a choice to make.
1328,that does not seem pretty fair.
1329,this is overkill.
1330,fill the jar to the top with boiling water.
1331,it was a point tense football game.
1332,not too likable.
1333,she is an player good luck this year.
1334,i went back to store it at my sisters degree.
1335,i hope other things work out up there.
1336,are you playing the this decision?
1337,the town is just over the hill here.
1338,it is totally ridiculous.
1339,in other words there is a price to pay.
1340,that does not seem quite fair.
1341,that is horrible.
1342,fill the try to the top with playing water.
1343,it was a big time softball game.
1344,not too long ago.
1345,we have had pretty good luck this year.
1346,i went back to store and got my lessons degree.
1347,in the next five years.
1348,college credit for community service is a good idea.
1349,lexical and religious views on need and pleasure.
1350,the past few weeks are a case in point.
1351,the bombardment offers financial services.
1352,mix some cream sauce with it and pour it over rice.
1353,people are jumping out of score.
1354,a lot of chicken and rice.
1355,as soon as i had them.
1356,i was tired during that whole month.
1357,we hope you enjoy your stay.
1358,we are not trying to respect them or anything.
1359,how can i avoid be infected by a virus?
1360,you don't have to be an ustad to play this game.
1361,i live in a farming community.
1362,do you have any friends with older children?
1363,when things don't go right you have to adjust.
1364,what should i do?
1365,the first demonstration of a chart when displayed.
1366,not in a civilized society.
1367,and they really seem wise.
1368,if you made some more stuff.
1369,they're not really even participating.
1370,but with all the other things going on detail.
1371,we used to always enjoy watching that show.
1372,you go on outside and play.
1373,so do you like your new truck?
1374,you'd think that it was a private school.
1375,they've started a drug testing policy.
1376,i think there's about seventy five people here.
1377,whatever they done you is a liar.
1378,they can't to have to have a job.
1379,it's a guy's place.
1380,everybody is sitting here screaming.
1381,i just can't do those steps the mrs.
1382,if their cards are approved the money they are to write.
1383,how long have you lived in this house?
1384,exceptionally of means a pretty offender.
1385,it's a big dairy industry.
1386,some new tasks are manager.
1387,that's where i am.
1388,it was about nine along at night.
1389,here is the bags at your move from.
1390,which is probably about what their operandi is.
1391,my something is the man in the garden dragon.
1392,they can mean anything.
1393,the two signs of what are happy?
1394,it's a mystical decision.
1395,she doesn't walk.
1396,keep it clean please.
1397,i think it's just that you see your cousins regularly.
1398,about how many calls have you made on this system?
1399,i don't know what to think about that.
1400,it sorely drew well and agreed the male all.
1401,i'd like to see talents of the knives.
1402,we are quite simply at a people point.
1403,what you have and what you don't have.
1404,just funny miles north of here.
1405,look at the substances.
1406,who did they play?
1407,loosens all the way around.
1408,i drove a generally but then.
1409,i would them to come back up this year.
1410,you don't understand this.
1411,it doesn't seem that low.
1412,this is an invasion of privacy issue.
1413,a really good thing to do.
1414,my son just adopted a cat.
1415,the only other place have ever vacationed.
1416,but they have six over there.
1417,they had squats and story time and obsessing.
1418,because of the service that they could perform.
1419,not just with the pressing to pencil.
1420,there's more deductions.
1421,what if you were in your kid's shoes?
1422,i don't know if you've tried it.
1423,parametric pressure cracks during a carnage.
1424,cover him up and keep him warm.
1425,they're very affectionate with one another.
